num_filosofos,num_tenedores,tiempo,num_comidas,num_pensamientos
35,5,22.327914476394653,35,35
30,10,11.040476083755493,30,30
25,15,6.07131290435791,25,25
20,20,4.033304691314697,20,20
