num_filosofos,num_tenedores,tiempo,num_comidas,num_pensamientos

10,1,0.0,0,0

10,2,25.363810539245605,20,20

10,4,15.140066146850586,20,20

10,5,13.295618057250977,20,20

10,6,11.178545475006104,20,20

10,8,10.13584589958191,20,20

10,10,5.070210933685303,20,20

