num_filosofos,num_tenedores,tiempo,num_comidas,num_pensamientos

1000,1000,8.555490732192993,2000,2000

500,500,7.53133487701416,1000,1000

50,50,5.106985569000244,100,100

20,20,5.077967166900635,40,40

10,10,5.059662580490112,20,20

10,10,5.062809705734253,20,20

5,5,8.105130910873413,10,10

3,3,7.086317300796509,6,6

2,2,5.093758821487427,4,4

