id_filosofo,id_pensamiento,tiempo
2,0,1.0010571479797363
0,0,1.0010571479797363
1,0,1.0010571479797363
3,0,1.0010581016540527
2,0,1.0010576248168945
0,0,1.0010569095611572
1,0,1.0010569095611572
3,0,1.0010573863983154
